,code,all
0,9320308,5
1,93203012,6
2,93203014,5
3,93203013,5
4,9320305,5
5,9320304,6
6,9320309,5
7,93203011,5
8,93203010,6
9,9320301,6
10,93203015,5
11,9320303,6
12,9320306,6
13,9320302,6
14,9320307,6
15,93203016,6
16,93203018,6
17,93203017,6
18,9310108,5
19,93101012,5
20,93101014,6
21,9310109,5
22,93101013,5
23,93101015,6
24,9310106,6
25,93101011,5
26,93101018,6
27,9310105,6
28,9310102,6
29,93101016,6
30,93101010,5
31,93101017,9
32,9310104,6
33,9310101,6
34,9310107,4
35,9310103,6
36,9110508,6
37,91105013,6
38,9110509,6
39,9110507,6
40,91105010,9
41,91105014,6
42,9110504,6
43,9110506,6
44,9110502,6
45,91105011,6
46,9110505,6
47,9112409,5
48,9112407,5
49,9112405,6
50,9112408,6
51,9112406,6
52,9112401,6
53,91124011,6
54,9112402,6
55,91124015,9
56,91124013,6
57,91124012,6
58,9112403,6
59,91124014,6
60,91124010,6
61,9112404,9
62,91124017,9
63,9311009,3
64,93110011,6
65,93110017,6
66,9311008,6
67,9311002,6
68,93110013,6
69,9311007,5
70,93110010,6
71,9311006,6
72,93110012,6
73,93110015,6
74,93110014,6
75,9311004,6
76,9311001,6
77,93110016,6
78,9311005,6
79,9312609,6
80,9312607,6
81,93126013,6
82,93126011,6
83,93126010,6
84,93126016,6
85,9312608,6
86,9312605,6
87,93126012,6
88,9312604,6
89,93126014,6
90,9312606,6
91,9230507,6
92,92305013,6
93,92305014,6
94,92305011,6
95,92305010,6
96,9230508,6
97,9230502,6
98,9230504,6
99,9230509,3
100,92305015,6
101,9230406,3
102,92304013,9
103,9230407,6
104,9230409,6
105,9230401,6
106,9230405,9
107,92304012,6
108,92304016,3
109,92304014,6
110,92304015,6
111,92304010,9
112,9310208,6
113,93102013,6
114,9310203,6
115,93102010,9
116,9310206,6
117,93102014,6
118,93102011,6
119,9310209,6
120,93102015,6
121,9310202,6
122,93102012,3
123,9310205,6
124,93102016,6
125,9333707,6
126,93337011,6
127,93337017,6
128,93337013,6
129,93337012,6
130,93337010,3
131,9333701,3
132,9333708,6
133,9333709,6
134,93337016,3
135,9333702,6
136,93241013,6
137,9324109,6
138,93241012,6
139,93241018,9
140,93241015,6
141,93241014,6
142,9324108,6
143,9324103,6
144,9324102,6
145,93241010,6
146,9324107,6
147,93241011,6
148,9324104,6
149,9324101,9
150,9324105,6
151,93138013,5
152,9313807,5
153,93138014,6
154,93138011,6
155,93138015,6
156,9313808,6
157,93138010,4
158,9313804,6
159,93138012,6
160,9313805,6
161,9313801,6
162,9313802,6
163,9313809,6
164,93138016,6
165,9313806,9
166,93138017,9
167,93837014,9
168,9383708,6
169,93837011,6
170,9383705,6
171,93837010,6
172,93837013,6
173,9383704,6
174,9383707,6
175,93837012,6
176,9383709,6
177,93837016,6
178,9383701,6
179,93837015,6
180,9383706,6
181,93735010,6
182,9373508,6
183,93735011,5
184,93735013,6
185,9373502,3
186,93735015,6
187,93735016,6
188,93735014,6
189,9373505,6
190,93735012,6
191,9373509,6
192,9373506,6
193,93735017,9
194,9373507,6
195,93204010,6
196,93204014,6
197,93204011,6
198,9320408,6
199,9320405,6
200,9320406,6
201,9320409,6
202,93204013,6
203,93204015,6
204,93204012,3
205,9320402,6
206,91102010,6
207,9110207,6
208,9110208,6
209,9110209,6
210,91102013,6
211,9110204,6
212,91102016,6
213,91102011,9
214,91102015,9
215,9110206,6
216,9110205,6
217,91102012,9
218,91102014,3
219,9110201,6
220,9320608,4
221,93206011,4
222,93206014,4
223,9320605,6
224,93206013,5
225,9320609,5
226,93206010,6
227,9320601,6
228,93206018,3
229,93206015,5
230,9320604,6
231,93206012,6
232,9320606,6
233,9320603,3
234,93206016,6
235,9320607,6
236,9320602,6
237,93206017,6
238,9320109,6
239,93201013,5
240,93201010,6
241,9320104,6
242,9320106,6
243,93201017,6
244,9320102,6
245,9320105,6
246,93201011,5
247,9320108,5
248,9320101,6
249,93201014,6
250,93201012,5
251,93201015,6
252,93201016,6
253,9320107,6
254,9320103,6
255,9323109,6
256,93231013,6
257,93231014,6
258,9323104,6
259,93231016,6
260,9323106,6
261,93231010,6
262,93231011,6
263,9323107,6
264,9323108,6
265,9323101,6
266,9323102,6
267,93231012,6
268,9323105,6
269,9323103,9
270,9343708,6
271,93437014,6
272,93437013,5
273,9343709,6
274,93437011,6
275,9343705,6
276,93437012,6
277,93437016,3
278,9343702,6
279,9343707,6
280,93437010,3
281,93437015,9
282,93532013,6
283,93532014,6
284,93532012,6
285,93532010,6
286,93532011,6
287,9353208,6
288,93532015,6
289,9353205,6
290,9353207,6
291,9353209,9
292,93234014,6
293,93234013,6
294,9323409,6
295,9323408,6
296,93234015,6
297,93234012,6
298,93234011,6
299,93234016,6
300,9323407,6
301,93234010,6
302,9323404,9
303,9323401,6
304,9323403,6
305,9323402,6
306,9323406,6
307,9323405,6
308,93234017,6
309,93127014,6
310,93127011,6
311,9312705,9
312,93127013,5
313,9312708,5
314,93127016,6
315,93127015,6
316,9312707,6
317,93127010,6
318,9312704,6
319,93127012,6
320,9312709,3
321,9312706,3
322,9312702,6
323,93741014,6
324,93741010,6
325,93741011,6
326,9374102,6
327,9374109,3
328,93741013,6
329,93741012,6
330,9374108,9
331,93113015,6
332,93113016,6
333,93113014,6
334,93113013,5
335,93113010,6
336,9311307,6
337,93113011,3
338,9311301,3
339,93113017,6
340,9311306,6
341,93113012,6
342,9311305,6
343,9311304,6
344,9311308,6
345,9311302,6
346,9311303,9
347,9311309,9
348,92109015,6
349,9210909,4
350,9210905,5
351,92109011,4
352,9210906,5
353,92109013,5
354,9210908,5
355,92109014,5
356,9210907,6
357,92109017,9
358,9210903,6
359,9210901,6
360,9210904,5
361,92109010,5
362,92109016,6
363,92109012,6
364,9210902,6
365,9370109,6
366,93701014,5
367,93701011,5
368,9370105,6
369,9370108,6
370,93701010,6
371,9370101,6
372,9370104,6
373,93701015,6
374,93701016,6
375,93701017,6
376,93701012,6
377,93701013,5
378,9370107,6
379,9370103,6
380,9370102,6
381,9210106,6
382,92101012,6
383,9210101,6
384,9210105,6
385,92101013,9
386,9210108,6
387,92101018,9
388,92101011,6
389,9210107,3
390,92101016,6
391,92101010,9
392,92101014,9
393,9210102,6
394,92101015,6
395,9210104,6
396,9210109,6
397,9210103,6
398,92331013,5
399,9233108,5
400,92331014,6
401,92331015,6
402,92331011,5
403,92331012,6
404,92331010,6
405,9233109,6
406,9233107,6
407,9233105,6
408,9233102,6
409,92331016,6
410,9233104,9
411,9233101,6
412,92331017,3
413,9233106,6
414,9233103,6
415,93137011,5
416,9313708,4
417,9313705,5
418,93137013,5
419,93137010,5
420,9313707,5
421,93137015,6
422,93137012,6
423,9313704,6
424,93137016,6
425,9313709,6
426,9313706,6
427,9313701,5
428,93137014,6
429,9313702,6
430,93119011,6
431,9311908,5
432,93119013,9
433,93119014,6
434,93119012,6
435,9311909,4
436,9311902,9
437,9311907,5
438,93119017,6
439,93119016,6
440,9311906,6
441,9311901,6
442,9311903,9
443,93119010,6
444,9311905,6
445,93119015,3
446,9311904,6
447,93119018,9
448,93103017,6
449,93103013,6
450,93103016,3
451,93103010,6
452,9310307,9
453,93103015,6
454,93103011,6
455,91110016,6
456,91110013,6
457,91110015,3
458,91110010,6
459,9111009,6
460,91110017,3
461,9111004,9
462,9111007,6
463,92301013,5
464,9230104,6
465,92301014,6
466,9230108,6
467,92301010,6
468,92301015,6
469,9230107,5
470,9230109,6
471,92301016,6
472,92301011,6
473,9230105,6
474,92301012,6
475,9230101,6
476,9230102,3
477,9230106,6
478,93807014,9
479,9380707,6
480,9380704,6
481,9380709,6
482,9380703,6
483,93807013,6
484,93807012,6
485,93807011,6
486,93807015,6
487,9380706,6
488,93807010,9
489,9380701,6
490,9380705,6
491,9380708,6
492,93104013,6
493,93104010,9
494,93104012,6
495,9310409,6
496,9310407,9
497,9310401,6
498,93108014,6
499,93108013,6
500,93108015,3
501,93108016,9
502,93108010,6
503,93404013,5
504,93404014,6
505,9340408,5
506,9340409,6
507,93404012,6
508,93404010,5
509,93404015,9
510,93404016,6
511,93404011,6
512,9340406,6
513,9340405,6
514,9340407,5
515,9340402,3
516,9340404,6
517,9340401,6
518,91106013,3
519,91106014,6
520,9110606,6
521,9110605,6
522,91106010,6
523,9110604,6
524,9110601,9
525,91106011,6
526,9110608,6
527,91106015,6
528,9110609,6
529,91101013,5
530,9110107,4
531,9110108,6
532,91101015,3
533,91101010,6
534,9110104,6
535,91101016,6
536,91101014,6
537,9110106,6
538,9110101,6
539,9110103,9
540,9110109,6
541,9110102,6
542,91101011,3
543,9110105,6
544,91101012,3
545,93403013,5
546,93403015,6
547,93403014,5
548,9340308,5
549,9340306,6
550,9340307,5
551,93403011,6
552,93403010,5
553,9340301,6
554,9340309,6
555,93403012,6
556,9340302,6
557,93403016,6
558,9340304,6
559,9340305,6
560,93403018,9
561,93403017,6
562,91116015,3
563,91116011,6
564,91116013,6
565,91116016,6
566,9111605,6
567,9312008,6
568,93120010,6
569,9312004,6
570,9312007,6
571,93120013,6
572,9312005,6
573,9312006,6
574,93120016,6
575,9312001,6
576,93120011,6
577,93120014,6
578,93120015,6
579,9312002,6
580,9312009,6
581,93120012,6
582,93120018,6
583,9111407,6
584,91114013,6
585,9111409,6
586,9111402,3
587,91114011,6
588,9111404,6
589,9111405,6
590,91114014,6
591,9111406,9
592,91114010,6
593,9111401,6
594,91114015,6
595,9111408,6
596,9111403,9
597,9111307,6
598,91113010,6
599,91113013,9
600,9111304,6
601,9111301,6
602,9111302,6
603,91113018,6
604,9111309,6
605,9111308,9
606,9111306,6
607,91113017,3
608,91113012,3
609,91113011,9
610,9110807,6
611,9110809,6
612,91108013,6
613,9110805,6
614,9110808,6
615,9110802,6
616,91108010,9
617,91108011,9
618,91108014,6
619,91108015,3
620,9110307,6
621,9110308,6
622,91103013,6
623,91103010,6
624,91103012,6
625,91103011,6
626,91103014,6
627,91103016,3
628,9110305,6
629,9110301,6
630,9110309,6
631,9110306,3
632,9320709,6
633,9320705,6
634,9320707,6
635,93207012,6
636,93207013,6
637,93207011,6
638,93207010,6
639,9320708,6
640,9320701,9
641,93207014,6
642,93207015,6
643,9320704,6
644,9320703,6
645,93207016,6
646,93207017,6
647,9320702,9
648,9311808,6
649,93118014,6
650,93118016,6
651,93118010,6
652,93118013,6
653,9311809,6
654,93118011,6
655,93118012,6
656,9311802,9
657,9111808,6
658,91118011,3
659,91118010,6
660,93408014,6
661,93408010,6
662,9340807,5
663,9340801,6
664,9340804,6
665,9340808,5
666,93408011,5
667,9340805,6
668,9340802,6
669,9340809,6
670,93408013,6
671,93408016,6
672,93408012,6
673,93408015,6
674,93501014,6
675,9350104,6
676,93501011,6
677,93501010,6
678,9350107,5
679,9350101,6
680,93501015,6
681,9350109,6
682,9350108,6
683,9350102,6
684,93501013,5
685,9350105,6
686,93501012,6
687,9350103,3
688,9350106,6
689,93501016,5
690,9390209,4
691,93902015,4
692,93902012,4
693,93902014,5
694,9390205,6
695,9390208,6
696,93902010,6
697,9390207,6
698,9390206,5
699,93902013,4
700,9390204,6
701,9390203,6
702,93902011,5
703,93902017,6
704,9390201,9
705,9390202,6
706,93902016,6
707,93902018,6
708,9312409,6
709,93124012,6
710,93124014,6
711,93124015,6
712,93124013,6
713,9312408,6
714,93124011,6
715,93124016,6
716,93124010,5
717,9312406,6
718,9312407,5
719,9312404,6
720,9312403,6
721,9312401,6
722,9312405,6
723,9312402,6
724,9333605,6
725,9333609,6
726,93336011,6
727,93336013,6
728,9333607,6
729,93336017,6
730,93336018,6
731,93336010,6
732,93336014,6
733,93336015,6
734,9333602,3
735,93336012,6
736,9333608,6
737,9333601,3
738,9333604,9
739,93121011,6
740,93121016,6
741,93121013,6
742,93121017,6
743,9312109,6
744,93121014,6
745,9312108,6
746,9312107,9
747,9312101,6
748,93121012,6
749,93121010,9
750,9312102,3
751,9312106,6
752,93901016,6
753,93901013,6
754,93901012,6
755,9390109,5
756,93901011,6
757,9390108,6
758,9390105,6
759,93901015,9
760,93901010,9
761,9390103,6
762,9390106,6
763,93901014,9
764,9390107,6
765,9340707,3
766,93407014,6
767,93407013,6
768,93407011,6
769,93407012,6
770,9340704,6
771,9340708,6
772,9353308,5
773,9353302,6
774,93533014,6
775,93533011,5
776,9353309,6
777,93533013,6
778,9353307,6
779,9353306,6
780,9353305,6
781,93533010,6
782,9353304,6
783,9353301,6
784,93533012,6
785,9353303,6
786,93533015,9
787,93132014,6
788,93132016,6
789,93132011,6
790,9313206,6
791,93132013,6
792,9313207,6
793,9313209,3
794,93132012,6
795,9313201,6
796,9313205,6
797,93132015,6
798,9313208,3
799,9313204,6
800,93132010,6
801,93233013,6
802,93233010,9
803,9323304,9
804,9323301,3
805,93233011,6
806,9323305,6
807,9323302,6
808,93233016,6
809,93233014,6
810,93233015,3
811,93233012,6
812,9323308,6
813,9323307,6
814,9323309,6
815,9323306,3
816,93835016,9
817,93835013,5
818,9383507,6
819,93835012,6
820,9383509,6
821,9383503,6
822,9383508,6
823,93835015,6
824,93835011,6
825,93835014,6
826,93835010,6
827,9383505,6
828,9383502,3
829,9383501,6
830,9383506,6
831,9383504,6
832,93835017,9
833,92503014,6
834,92503012,6
835,9250309,6
836,9250307,6
837,9250308,6
838,92503013,6
839,9250304,6
840,9250305,3
841,92503016,6
842,9250302,6
843,92503010,9
844,9250301,9
845,92503015,6
846,93438013,6
847,93438011,5
848,9343809,5
849,93438010,6
850,9343804,6
851,93438014,5
852,9343805,6
853,9343808,4
854,9343807,5
855,93438016,6
856,9343802,9
857,93438015,6
858,93438017,6
859,93438012,6
860,9343801,6
861,91109013,6
862,91109010,3
863,91109015,9
864,91109012,6
865,9110903,6
866,9110907,3
867,9110901,6
868,91109014,6
869,91122013,6
870,91122010,3
871,91122012,6
872,9112209,3
873,9112202,3
874,9112201,6
875,9112204,9
876,9112205,6
877,9112207,3
878,91122018,6
879,91122016,6
880,91122015,6
881,9330107,5
882,93301010,6
883,93301015,6
884,93301012,6
885,9330108,6
886,93301013,6
887,9330109,6
888,93301014,6
889,9330106,6
890,93301017,6
891,93301011,6
892,9330101,6
893,93301018,6
894,9330105,3
895,9330104,3
896,93602014,5
897,93602011,5
898,9360205,6
899,93602012,6
900,93602013,4
901,9360207,6
902,9360208,5
903,9360202,6
904,93602010,6
905,9360209,5
906,9360201,6
907,93602015,5
908,9360203,6
909,9360204,6
910,9360206,6
911,93602018,6
912,93602016,6
913,93602017,9
914,93232013,6
915,9323208,6
916,93232011,6
917,9323209,6
918,9323203,6
919,93232015,6
920,93232012,6
921,93232010,6
922,9323201,6
923,93232014,3
924,9323206,6
925,9323202,6
926,9323205,6
927,9210504,6
928,92105013,6
929,9210507,6
930,9210506,9
931,92105011,6
932,9210508,6
933,92105010,6
934,9210501,6
935,9210502,6
936,9210509,6
937,92105014,6
938,92332013,6
939,92332014,9
940,92332015,6
941,92332011,6
942,9233208,9
943,92332010,6
944,9233207,6
945,9233202,6
946,9233205,9
947,9233204,6
948,9233209,6
949,9233206,6
950,92332012,9
951,92332017,6
952,93638011,6
953,93638010,3
954,93638013,9
955,9363808,6
956,93638012,6
957,93638015,6
958,93638014,9
959,9363805,9
960,93405014,3
961,93405011,3
962,9340508,6
963,93405013,6
964,93405010,6
965,9340501,6
966,93405015,6
967,93405018,6
968,93405017,3
969,9340507,6
970,93405012,6
971,9340509,9
972,93235012,6
973,93235013,6
974,9323508,6
975,93235015,6
976,93235014,6
977,93235010,6
978,93235011,6
979,93235016,6
980,9323505,6
981,9323502,6
982,9323509,6
983,9323507,6
984,9323504,6
985,9210206,6
986,9210207,6
987,9210209,6
988,92102013,6
989,92102011,6
990,92102012,6
991,9210208,9
992,92102010,6
993,9210201,6
994,9210204,6
995,92102014,6
996,9370204,6
997,93702013,4
998,93702010,5
999,9370207,6
1000,9370201,6
1001,93702014,5
1002,9370205,5
1003,93702011,4
1004,9370208,4
1005,9370202,6
1006,93702012,5
1007,93702015,6
1008,93702016,6
1009,9370206,6
1010,93702017,3
1011,9370209,5
1012,9370203,6
1013,93702018,9
1014,9363104,6
1015,93631011,6
1016,9363109,6
1017,93631013,5
1018,9363108,6
1019,9363102,6
1020,9363107,6
1021,9363101,6
1022,93631014,6
1023,93631018,9
1024,93631015,6
1025,93631016,6
1026,93631010,6
1027,93631017,6
1028,9363105,6
1029,93631012,6
1030,93731015,6
1031,93731010,6
1032,93731013,6
1033,93731016,6
1034,9373104,6
1035,9373107,6
1036,9373108,6
1037,93303015,3
1038,93303012,6
1039,93303010,6
1040,9330304,6
1041,9330301,6
1042,93303014,9
1043,93303013,6
1044,9330309,6
1045,93303011,6
1046,9330308,6
1047,9330307,6
1048,9330305,6
1049,93303016,6
1050,93303017,6
1051,9330306,6
1052,93406013,3
1053,9340607,6
1054,93406017,6
1055,93406014,6
1056,93406011,6
1057,93406018,3
1058,93406015,3
1059,93406012,6
1060,93406010,6
1061,9340604,3
1062,9340601,3
1063,93406016,6
1064,9340606,6
1065,9340605,3
1066,92505013,3
1067,9250507,3
1068,92505010,6
1069,9250509,6
1070,92505014,3
1071,92505015,3
1072,92505016,3
1073,9250508,3
1074,93431016,3
1075,93431013,6
1076,93431018,6
1077,93431014,6
1078,9343107,6
1079,9343108,3
1080,9343101,6
1081,9343109,6
1082,93431011,6
1083,93431010,6
1084,9343104,3
1085,93431015,6
1086,93742014,6
1087,9374208,6
1088,9374209,9
1089,93742016,6
1090,93742012,6
1091,93742013,6
1092,93742010,6
1093,9374207,6
1094,93742011,6
1095,93742015,6
1096,93742017,6
1097,93125010,6
1098,93125011,3
1099,9312508,6
1100,93125016,3
1101,9312509,6
1102,93125013,6
1103,93125014,6
1104,9312504,9
1105,9312507,9
1106,9312506,9
1107,9312501,6
1108,93125012,6
1109,93205011,9
1110,9320508,6
1111,93205013,6
1112,9320507,9
1113,93205012,6
1114,93205014,6
1115,93205015,9
1116,9320504,6
1117,93205010,9
1118,93205016,6
1119,93236013,6
1120,93236012,6
1121,9323605,6
1122,93236011,6
1123,93236010,6
1124,9323608,6
1125,9323607,6
1126,93240013,6
1127,93240012,6
1128,9324009,6
1129,93240010,6
1130,9324007,6
1131,9324001,6
1132,93240018,9
1133,93240015,6
1134,9324008,6
1135,9324004,6
1136,93240014,6
1137,93240011,6
1138,9324005,6
1139,9324002,6
1140,93240017,6
1141,93114013,6
1142,93114016,3
1143,9311409,3
1144,93114010,6
1145,9311404,6
1146,9311407,6
1147,93114012,6
1148,93135018,6
1149,93135013,6
1150,93135015,6
1151,93135012,6
1152,9313508,6
1153,9313509,6
1154,93135014,6
1155,9313507,6
1156,9313501,6
1157,9313505,6
1158,93135011,6
1159,9313502,6
1160,93135010,6
1161,93335016,3
1162,93335012,6
1163,93335014,6
1164,93335011,3
1165,9333507,6
1166,9333501,6
1167,9333504,6
1168,93335013,6
1169,93335010,6
1170,9333508,6
1171,91107010,6
1172,9110707,6
1173,93704015,3
1174,9370409,3
1175,93704014,6
1176,93704010,6
1177,9370407,6
1178,9370408,6
1179,93704011,6
1180,9370403,6
1181,9370401,6
1182,93704013,6
1183,9370405,6
1184,9370404,6
1185,93704012,6
1186,93704018,6
1187,93706015,6
1188,93706014,6
1189,9370607,3
1190,93706010,6
1191,9370601,6
1192,93706013,6
1193,9370602,6
1194,93706011,6
1195,9370608,6
1196,9311108,6
1197,93111010,6
1198,93111013,6
1199,9311107,6
1200,9311109,6
1201,93111014,6
1202,9311102,6
1203,93111011,3
1204,9311104,3
1205,93111012,6
1206,9311105,3
1207,93111016,6
1208,93603013,5
1209,9360305,6
1210,93603010,6
1211,9360309,6
1212,93603014,5
1213,93603011,6
1214,9360308,6
1215,93603012,6
1216,93603016,6
1217,9360307,6
1218,93603015,6
1219,9360302,6
1220,9360304,6
1221,9360301,6
1222,9360306,6
1223,93603017,6
1224,93736013,5
1225,93736011,6
1226,93736010,6
1227,93736014,6
1228,9373609,6
1229,9373607,6
1230,9373608,6
1231,9373604,6
1232,9373605,6
1233,93736015,6
1234,93112013,3
1235,93112011,3
1236,93112012,9
1237,93112010,6
1238,93112018,3
1239,9311207,6
1240,93107015,6
1241,9310708,6
1242,93107014,6
1243,93107013,6
1244,9310707,6
1245,9310701,9
1246,9310702,3
1247,93107011,6
1248,93107010,6
1249,9310705,6
1250,93115013,3
1251,93115015,3
1252,93115016,3
1253,93115010,6
1254,93115014,6
1255,9311507,6
1256,93115012,6
1257,9311509,6
1258,9311501,6
1259,92303014,3
1260,9230301,6
1261,92303013,6
1262,92303016,6
1263,9230309,3
1264,92303015,6
1265,92602015,3
1266,92602014,6
1267,9260206,6
1268,9260201,6
1269,92602011,6
1270,9260204,6
1271,92602013,6
1272,9260207,6
1273,9260208,6
1274,92602010,6
1275,9260209,6
1276,9260205,6
1277,92602012,6
1278,92602017,6
1279,92308013,3
1280,92308010,6
1281,9230804,6
1282,9230801,6
1283,92308012,6
1284,92308014,3
1285,92308011,9
1286,93709015,6
1287,93709012,6
1288,93709011,6
1289,9370905,6
1290,93709013,6
1291,93709010,6
1292,93709014,6
1293,93709016,6
1294,9370904,6
1295,9370908,6
1296,9370907,6
1297,9370901,9
1298,93709017,9
1299,9370906,6
1300,93338015,6
1301,93338012,6
1302,93338011,5
1303,9333808,3
1304,9333802,6
1305,9333809,6
1306,9333805,6
1307,93338014,6
1308,93338013,6
1309,93338010,6
1310,93338016,3
1311,93338018,6
1312,9333807,6
1313,9333806,6
1314,93738013,6
1315,93738016,6
1316,9373801,6
1317,93738014,3
1318,93738010,3
1319,93738015,6
1320,9373807,6
1321,93738012,6
1322,93733014,6
1323,93733011,6
1324,9373308,6
1325,9373302,6
1326,93733015,6
1327,93733013,6
1328,93733010,6
1329,9373304,6
1330,93122010,4
1331,93122016,6
1332,9312208,6
1333,9312209,6
1334,9312207,5
1335,93122013,6
1336,93122012,3
1337,9312201,8
1338,93122015,6
1339,9312204,6
1340,93122011,6
1341,93122014,6
1342,9323908,6
1343,93239012,6
1344,93239011,6
1345,9323907,6
1346,93239013,6
1347,93239010,6
1348,9323904,6
1349,93239014,6
1350,9323901,6
1351,9323909,6
1352,9323905,6
1353,93239015,6
1354,93239016,6
1355,93803014,6
1356,93803018,6
1357,93803011,6
1358,93803010,6
1359,9380304,6
1360,9380301,6
1361,9380305,6
1362,9380308,6
1363,93803015,6
1364,9380306,6
1365,93803013,6
1366,9380309,6
1367,93803012,6
1368,9380307,6
1369,9371008,6
1370,93710014,3
1371,93710010,6
1372,9371004,6
1373,9371005,6
1374,9371007,6
1375,93710013,6
1376,93710011,6
1377,9371001,6
1378,93710012,6
1379,9371006,6
1380,9371003,6
1381,92207010,6
1382,9220707,6
1383,9220709,6
1384,9220708,6
1385,92207014,6
1386,9220705,6
1387,92207015,6
1388,92207013,6
1389,92207011,6
1390,9220704,6
1391,93237013,6
1392,9323707,3
1393,93237010,6
1394,9323701,6
1395,93237014,6
1396,9323708,6
1397,9323709,6
1398,93237011,6
1399,93237015,6
1400,93332013,6
1401,93332014,6
1402,93332010,6
1403,9333207,3
1404,9333201,6
1405,93332015,6
1406,93332012,9
1407,93332017,6
1408,93332018,6
1409,9333209,3
1410,9333208,3
1411,93332011,6
1412,9333202,3
1413,93640011,6
1414,93640013,6
1415,9364007,6
1416,93640014,6
1417,9364008,6
1418,93640015,6
1419,9364002,6
1420,93640010,6
1421,9364006,6
1422,9364005,6
1423,9364009,6
1424,9364001,9
1425,93401010,5
1426,9340107,6
1427,9340101,6
1428,93401013,6
1429,9340108,6
1430,93401016,6
1431,93401014,3
1432,93401012,6
1433,9340109,3
1434,93401015,6
1435,93401017,3
1436,9340105,6
1437,9340102,6
1438,9340106,6
1439,9340104,3
1440,93401011,6
1441,93534010,6
1442,93534013,6
1443,9353408,6
1444,9353407,6
1445,93534012,3
1446,93534011,6
1447,9353402,6
1448,93534015,6
1449,93531010,6
1450,93531014,6
1451,93531013,5
1452,9353108,6
1453,93531016,6
1454,93531015,6
1455,9353104,3
1456,93531011,6
1457,9353107,5
1458,93531012,6
1459,9353109,6
1460,9353101,6
1461,9380509,5
1462,9380508,6
1463,9380506,6
1464,93805011,5
1465,93805015,6
1466,93805014,5
1467,93805013,5
1468,93805012,6
1469,93805010,6
1470,9380502,6
1471,9380505,6
1472,9380507,6
1473,93805016,6
1474,9380503,6
1475,93805017,6
1476,93805018,6
1477,9380504,6
1478,9380501,3
1479,9230708,6
1480,92307016,6
1481,92307010,6
1482,9230707,9
1483,9230705,9
1484,92307013,9
1485,92307011,6
1486,92307017,3
1487,9340209,3
1488,93402013,6
1489,93402015,6
1490,93402010,6
1491,9340207,6
1492,9340204,3
1493,9340208,6
1494,9340205,6
1495,9340201,6
1496,93402014,6
1497,93402016,6
1498,93402017,6
1499,93402012,6
1500,93402011,6
1501,93633010,6
1502,9363307,6
1503,93633012,6
1504,9363306,6
1505,9363309,6
1506,93633015,6
1507,93633014,6
1508,93633011,6
1509,93633013,5
1510,9363308,6
1511,9363302,6
1512,9363301,6
1513,93633017,9
1514,9111907,6
1515,9111904,6
1516,9111901,6
1517,9111908,6
1518,91119012,6
1519,9111902,3
1520,91119013,6
1521,91119010,3
1522,9111906,9
1523,9111905,3
1524,91119011,6
1525,91119018,6
1526,9111909,9
1527,9111903,6
1528,91119014,6
1529,93645013,5
1530,93645014,6
1531,93645010,6
1532,9364507,6
1533,93645012,6
1534,93645015,9
1535,93645018,9
1536,93645011,6
1537,9364509,3
1538,9364508,6
1539,93645017,6
1540,93645016,6
1541,9364501,6
1542,9364504,6
1543,93809014,6
1544,9380909,5
1545,93809015,6
1546,9380908,6
1547,93809011,5
1548,9380905,6
1549,93809012,6
1550,93809010,6
1551,93809013,5
1552,9380907,6
1553,9380906,6
1554,9380901,6
1555,9380904,6
1556,93809017,6
1557,9380902,6
1558,93606011,6
1559,93606012,6
1560,9360609,9
1561,9360603,9
1562,93606014,6
1563,93606010,9
1564,9360608,6
1565,93606013,6
1566,9360607,6
1567,93606016,6
1568,9360602,6
1569,9360604,9
1570,9360606,9
1571,93606017,6
1572,9360601,6
1573,9360605,6
1574,93238012,6
1575,9323807,6
1576,92110014,6
1577,92110011,6
1578,9211005,6
1579,92110013,6
1580,9211008,6
1581,9211007,6
1582,93106014,6
1583,9310607,6
1584,93106015,9
1585,93106013,6
1586,9310604,3
1587,93106010,3
1588,9310608,6
1589,93106012,6
1590,93106011,6
1591,9310602,6
1592,92901013,6
1593,9290109,6
1594,92901015,9
1595,9290107,6
1596,92901014,6
1597,92901010,6
1598,92901016,6
1599,9290108,6
1600,92901011,9
1601,92901012,6
1602,93302010,6
1603,93302014,6
1604,9330208,6
1605,93302011,6
1606,9330209,6
1607,93302013,6
1608,93302012,6
1609,9330201,6
1610,93302018,6
1611,9330207,6
1612,93302015,6
1613,9330205,6
1614,9110407,6
1615,9110401,6
1616,91104013,6
1617,91104011,6
1618,9110406,6
1619,9110404,6
1620,93502014,6
1621,9350207,6
1622,9350209,6
1623,93502015,6
1624,9350206,6
1625,9350202,6
1626,93502017,6
1627,93502013,5
1628,93502011,6
1629,93502010,6
1630,9350205,3
1631,93502018,6
1632,9350208,6
1633,93502012,6
1634,9350204,6
1635,93502016,6
1636,93505014,6
1637,93505011,6
1638,9350507,6
1639,9350506,6
1640,93505013,6
1641,93505010,6
1642,9350505,6
1643,9350504,6
1644,93505017,6
1645,9350501,6
1646,93505015,6
1647,93505016,9
1648,9350508,6
1649,93505012,6
1650,9312309,6
1651,9312308,6
1652,93123016,6
1653,93123010,6
1654,93123014,6
1655,93123011,6
1656,9312304,6
1657,93123015,6
1658,9312307,3
1659,9312301,6
1660,9343409,6
1661,9343408,6
1662,93434014,6
1663,93434016,6
1664,93434017,6
1665,93434015,6
1666,9343403,6
1667,93434010,3
1668,93434012,6
1669,93434011,3
1670,93434013,6
1671,9343407,6
1672,9343406,6
1673,93703015,6
1674,93703010,6
1675,9370301,6
1676,9370308,6
1677,93703013,6
1678,9370304,6
1679,93703011,6
1680,93703012,6
1681,93703014,6
1682,9112304,6
1683,9112309,6
1684,91123013,5
1685,91123011,6
1686,91123014,3
1687,9112303,6
1688,91123012,6
1689,91123018,3
1690,91123015,5
1691,91123010,6
1692,9112301,6
1693,9112302,3
1694,9112305,6
1695,9112306,6
1696,9112307,6
1697,91123016,6
1698,9112308,6
1699,9310509,6
1700,93105011,6
1701,93105012,6
1702,93105013,6
1703,9310507,6
1704,9310508,6
1705,93105016,6
1706,93105014,6
1707,9310502,6
1708,93105010,6
1709,9310504,9
1710,9310908,6
1711,93109011,6
1712,93109013,6
1713,93109014,6
1714,93109010,6
1715,93109016,9
1716,9310904,6
1717,93109012,6
1718,9310909,3
1719,9310907,3
1720,9310905,6
1721,9310902,6
1722,93435014,6
1723,93435010,6
1724,93435018,3
1725,93435013,6
1726,93435017,6
1727,93435016,6
1728,9343504,6
1729,9343505,6
1730,93436013,6
1731,93436011,6
1732,93436010,6
1733,93436016,6
1734,93436014,6
1735,9343609,9
1736,9343607,3
1737,9343608,6
1738,93537010,6
1739,9353707,6
1740,9353704,6
1741,93537013,6
1742,93537014,6
1743,9353708,6
1744,93537011,6
1745,93537012,6
1746,9353709,3
1747,9353705,6
1748,9353702,6
1749,93537015,6
1750,93537016,9
1751,9353701,9
1752,9210309,6
1753,9210304,3
1754,92103014,6
1755,92103011,6
1756,9210307,6
1757,9210305,6
1758,9210303,6
1759,93504014,6
1760,93504011,6
1761,93504013,5
1762,9350408,6
1763,9350406,9
1764,93504010,6
1765,9350407,6
1766,9350404,6
1767,9350401,6
1768,93504017,6
1769,93504016,6
1770,93504015,6
1771,92306014,6
1772,9230608,6
1773,92306010,6
1774,92306017,3
1775,9230605,9
1776,9230604,6
1777,92306013,6
1778,9230607,6
1779,93806015,6
1780,93806012,6
1781,93806011,6
1782,93806014,6
1783,93806017,6
1784,93806013,6
1785,93806016,6
1786,9380607,6
1787,9380609,6
1788,93806010,6
1789,9380604,6
1790,93538015,6
1791,93538013,5
1792,93538012,6
1793,9353808,6
1794,93538014,6
1795,93538011,6
1796,93538010,6
1797,9353807,6
1798,9353809,6
1799,93538017,6
1800,9353803,6
1801,9353806,6
1802,9353805,9
1803,93538016,6
1804,9353804,6
1805,9353801,6
1806,92204014,3
1807,9220408,6
1808,92204013,6
1809,92204010,3
1810,9220405,6
1811,92204015,6
1812,92204017,3
1813,92204016,3
1814,92204011,3
1815,9220406,6
1816,9220407,6
1817,92302014,6
1818,9230208,6
1819,9230207,9
1820,92302017,3
1821,93811013,5
1822,9381107,6
1823,93811015,6
1824,93811014,6
1825,93811011,6
1826,9381104,6
1827,93811016,6
1828,9381108,6
1829,93811012,6
1830,93811010,6
1831,9381101,6
1832,9381109,6
1833,93811017,6
1834,9381105,6
1835,93646013,6
1836,9364607,6
1837,9364609,6
1838,93646010,6
1839,93646014,6
1840,9364604,6
1841,9364608,6
1842,93646012,6
1843,93646011,6
1844,9364605,6
1845,9364602,6
1846,9364606,6
1847,93646015,6
1848,93646016,9
1849,93646017,9
1850,9364603,6
1851,9374007,6
1852,9374009,6
1853,93740013,6
1854,9374008,6
1855,93740014,9
1856,93740017,9
1857,9374005,9
1858,93740011,6
1859,93740010,6
1860,93705013,3
1861,93705010,6
1862,9370502,3
1863,9370508,3
1864,93705012,6
1865,93705014,6
1866,9370501,6
1867,9370507,6
1868,9381007,6
1869,9381008,6
1870,93810010,6
1871,9381001,6
1872,9381004,6
1873,93810013,5
1874,93810014,6
1875,9381002,6
1876,9381009,6
1877,93810015,6
1878,9381005,6
1879,93810017,6
1880,9381006,6
1881,93810016,6
1882,93810011,6
1883,93838014,6
1884,93838012,6
1885,93838010,6
1886,93838011,6
1887,93838013,6
1888,9383808,6
1889,9383807,6
1890,93639015,6
1891,9363909,6
1892,93639010,6
1893,93639013,6
1894,9363907,3
1895,93639012,6
1896,93639014,6
1897,93639011,6
1898,9363908,6
1899,9111509,6
1900,91115014,6
1901,92504014,6
1902,9250408,6
1903,92504013,6
1904,9250407,6
1905,9250404,6
1906,9250401,6
1907,92504012,6
1908,92504011,6
1909,9250402,6
1910,92504015,6
1911,92504010,3
1912,92504016,6
1913,9250409,9
1914,9320209,6
1915,93202013,6
1916,93202016,6
1917,93202014,6
1918,9320207,6
1919,93202010,6
1920,9320204,6
1921,9320201,6
1922,93202015,6
1923,9320206,6
1924,93202012,3
1925,93202011,6
1926,9320208,6
1927,93202018,3
1928,9363708,6
1929,93637010,6
1930,93637013,6
1931,93637012,6
1932,9363705,6
1933,9363707,6
1934,9363701,3
1935,93637011,6
1936,93637016,9
1937,93637015,3
1938,9363704,6
1939,93732010,6
1940,9373204,6
1941,93732013,3
1942,9373209,6
1943,9373207,3
1944,93732011,6
1945,9370808,6
1946,9370802,6
1947,93708013,6
1948,9370809,6
1949,93708010,6
1950,93708011,6
1951,9370805,6
1952,93708016,6
1953,93708012,6
1954,9370803,6
1955,9370807,6
1956,93708014,3
1957,93708015,9
1958,93601010,6
1959,93601014,6
1960,9360105,6
1961,93601016,6
1962,93601012,6
1963,93601011,6
1964,93601015,6
1965,9360107,6
1966,93601013,6
1967,9360108,3
1968,9360104,6
1969,9360101,6
1970,93601018,9
1971,93601017,9
1972,9360109,6
1973,9360102,6
1974,92603013,6
1975,92603010,6
1976,92603014,3
1977,9260308,6
1978,92603011,6
1979,9260304,6
1980,9260305,6
1981,9260302,6
1982,9260307,6
1983,92603015,6
1984,92603012,6
1985,92603017,6
1986,91121013,6
1987,9112102,9
1988,9112108,6
1989,91121015,6
1990,9112105,9
1991,9112107,9
1992,91121010,6
1993,91121016,6
1994,9112106,6
1995,9112104,6
1996,91121011,6
1997,91112013,6
1998,9111207,3
1999,91112010,6
2000,9111201,6
2001,91112015,6
2002,91112011,9
2003,9111209,9
2004,93743012,6
2005,93743014,6
2006,93743015,6
2007,93743010,6
2008,9374304,6
2009,93743011,6
2010,9374307,6
2011,93641011,6
2012,93641014,6
2013,93641013,6
2014,9364109,6
2015,9364107,9
2016,93641010,6
2017,9364102,6
2018,9364104,6
2019,9364108,6
2020,93641015,3
2021,9364101,9
2022,92502018,6
2023,92502011,6
2024,9250207,3
2025,9250209,6
2026,9250206,6
2027,92502010,6
2028,9250208,6
2029,92502014,3
2030,92502017,3
2031,9250202,6
2032,92502016,6
2033,92502015,6
2034,9250205,3
2035,9250204,6
2036,91125015,6
2037,9112507,6
2038,9112501,6
2039,9112505,6
2040,91125012,9
2041,9112509,6
2042,92402012,6
2043,92402013,6
2044,92402015,9
2045,92402014,6
2046,9240201,6
2047,9240207,6
2048,92402011,6
2049,9240209,6
2050,9240208,6
2051,92402010,6
2052,9240204,9
2053,92403012,6
2054,9240309,6
2055,92403014,6
2056,92403010,6
2057,9240307,6
2058,92403015,6
2059,92403013,6
2060,9220209,6
2061,9220205,6
2062,92202011,6
2063,92202013,6
2064,92202010,6
2065,9220207,6
2066,9220208,6
2067,9220206,3
2068,92202014,3
2069,9220202,6
2070,9220201,6
2071,92401013,6
2072,92401010,6
2073,9240104,6
2074,92401016,6
2075,9240107,6
2076,9240101,3
2077,9240109,6
2078,92401014,6
2079,92401012,6
2080,92401017,6
2081,9240102,3
2082,93648014,6
2083,93648013,6
2084,93648011,6
2085,9364808,6
2086,93648012,6
2087,93648017,6
2088,93648015,3
2089,93334012,6
2090,93334011,6
2091,93334015,6
2092,93334013,6
2093,93334018,6
2094,93334016,6
2095,9333407,6
2096,93116016,6
2097,93116010,6
2098,93116013,6
2099,9311604,6
2100,9311607,6
2101,93116012,6
2102,9311608,6
2103,9311609,6
2104,93116015,6
2105,93117016,9
2106,93117010,6
2107,93117013,6
2108,9311709,6
2109,9311708,3
2110,9311707,3
2111,93117014,9
2112,93117012,3
2113,93808013,6
2114,93808010,6
2115,9380806,6
2116,9380807,6
2117,9380804,6
2118,9380808,6
2119,93808011,6
2120,93808014,6
2121,9380801,6
2122,9380802,6
2123,9380805,6
2124,9380809,6
2125,9380803,6
2126,93808016,6
2127,93433011,6
2128,93433015,6
2129,9343308,6
2130,93433017,6
2131,93433014,6
2132,93433013,5
2133,9343305,9
2134,93433012,6
2135,93433016,9
2136,93433010,6
2137,9343302,9
2138,9343307,6
2139,9343304,6
2140,9343309,9
2141,9263108,6
2142,92631011,6
2143,9263102,6
2144,92631015,3
2145,92631013,6
2146,92631010,6
2147,9263101,6
2148,9263106,3
2149,9263107,3
2150,9263105,6
2151,92631012,6
2152,9263109,6
2153,92631016,9
2154,92631014,3
2155,9353507,6
2156,93535010,6
2157,9353504,6
2158,93535012,6
2159,9353509,6
2160,93535014,6
2161,93535013,6
2162,93535011,3
2163,93535015,6
2164,93831010,6
2165,9383107,6
2166,93831012,6
2167,93831013,6
2168,9383101,3
2169,93836010,6
2170,9383601,6
2171,9383604,9
2172,9383605,6
2173,93836013,6
2174,9383608,6
2175,93836011,6
2176,93836014,9
2177,93836012,6
2178,93836015,6
2179,93836016,9
2180,9383607,6
2181,93832010,6
2182,9383207,6
2183,9383201,6
2184,93832013,6
2185,93832016,6
2186,93832012,3
2187,9383208,6
2188,9383205,6
2189,93832014,6
2190,93832011,6
2191,93840010,6
2192,9384008,6
2193,93840015,6
2194,93840012,6
2195,93840013,5
2196,93840014,6
2197,9384002,6
2198,9384005,6
2199,93840018,6
2200,93840017,6
2201,9384007,6
2202,93840011,6
2203,93840016,9
2204,92131010,6
2205,9213107,6
2206,9213104,6
2207,92131014,6
2208,92131013,6
2209,9213105,6
2210,9213108,6
2211,92131011,6
2212,92131015,6
2213,9213101,6
2214,9213106,6
2215,92131012,6
2216,9213109,6
2217,92131018,9
2218,92131017,6
2219,9213102,6
2220,92131016,6
2221,92112013,6
2222,92112014,6
2223,92112010,3
2224,9211209,9
2225,9211208,9
2226,9211207,6
2227,9211204,6
2228,92111011,6
2229,92111014,6
2230,92111016,6
2231,92111010,6
2232,9211107,6
2233,9211109,6
2234,93632010,9
2235,93632012,6
2236,93632013,6
2237,9363208,6
2238,93632011,6
2239,9363202,6
2240,9363207,6
2241,93632015,9
2242,93632014,6
2243,9363201,6
2244,9363209,6
2245,92601010,6
2246,92601013,6
2247,9260107,6
2248,92601015,9
2249,92601011,6
2250,92601012,6
2251,93833017,6
2252,93833011,6
2253,9383305,6
2254,9383304,6
2255,9383309,6
2256,93833016,6
2257,93833014,6
2258,93833013,6
2259,9383308,6
2260,93833010,6
2261,93833012,6
2262,93833018,6
2263,9383306,6
2264,93333010,6
2265,9333307,6
2266,9333301,6
2267,9333309,6
2268,93333013,6
2269,93333011,3
2270,93333014,3
2271,92404011,6
2272,9240408,3
2273,9240402,6
2274,9240407,6
2275,92404013,6
2276,92404010,6
2277,9240404,6
2278,9240401,6
2279,92404012,9
2280,9240403,9
2281,9210404,6
2282,9210401,3
2283,92104010,6
2284,92104013,6
2285,92104012,6
2286,9210405,6
2287,92104014,6
2288,92104015,6
2289,9210408,6
2290,92104011,9
2291,92104016,6
2292,91120013,6
2293,91120015,9
2294,91120010,3
2295,91120012,6
2296,9112006,6
2297,9112004,3
2298,91120014,6
2299,9112007,3
2300,9112008,9
2301,92231014,6
2302,9223104,6
2303,92231013,6
2304,92231010,6
2305,9223101,6
2306,9223108,6
2307,92231011,6
2308,92231015,6
2309,9223107,6
2310,92231012,6
2311,93834012,6
2312,93834010,6
2313,9383407,6
2314,93834013,6
2315,9383408,6
2316,93834015,6
2317,93834016,6
2318,93834014,6
2319,93834011,6
2320,93707011,6
2321,93707010,3
2322,93707014,3
2323,93707015,3
2324,9370705,3
2325,9370709,6
2326,93707013,6
2327,93707012,3
2328,9370708,3
2329,9370706,6
2330,93635012,6
2331,9363509,6
2332,93635014,9
2333,93635013,6
2334,93635015,9
2335,93635011,6
2336,93635010,6
2337,9363508,9
2338,93635016,9
2339,93635018,6
2340,9363505,6
2341,92604010,6
2342,9260407,6
2343,9260404,6
2344,92604014,6
2345,9260408,6
2346,92604011,6
2347,92604013,6
2348,9210807,6
2349,92108013,6
2350,9210804,6
2351,9210808,9
2352,92113013,6
2353,9211309,6
2354,9211306,9
2355,92113012,9
2356,92114010,6
2357,9211406,9
2358,9211404,6
2359,9211401,9
2360,9211408,6
2361,93503014,3
2362,93503013,6
2363,93503016,6
2364,9350307,6
2365,93503015,3
2366,9350303,9
2367,9350306,6
2368,93503018,6
2369,93503010,6
2370,9350304,3
2371,93503011,6
2372,9350308,6
2373,9350309,6
2374,93636014,6
2375,93636010,6
2376,93636016,9
2377,93636012,6
2378,9363604,9
2379,9363607,6
2380,9363601,3
2381,93636015,9
2382,9363609,6
2383,93636013,9
2384,9363608,6
2385,9363602,6
2386,93636011,9
2387,92107012,6
2388,92107014,6
2389,92107017,6
2390,92107011,6
2391,9210707,6
2392,9210701,6
2393,9111107,6
2394,91111010,6
2395,9111101,6
2396,91111013,6
2397,91111016,3
2398,91111014,6
2399,9111105,6
2400,91111015,6
2401,93536013,6
2402,9353605,6
2403,93536016,6
2404,93536015,9
2405,93536010,9
2406,9353607,6
2407,93536011,6
2408,9353608,6
2409,93739013,6
2410,93739016,6
2411,93739011,6
2412,9373909,6
2413,93739012,3
2414,93739010,6
2415,9220305,3
2416,9220308,3
2417,9220304,6
2418,9220302,6
2419,92203015,6
2420,9373704,6
2421,93737010,6
2422,93737017,6
2423,93737014,6
2424,93737013,3
2425,9373707,6
2426,93737012,6
2427,93737011,6
2428,9220608,6
2429,9220609,6
2430,9220603,6
2431,92206017,6
2432,92206012,3
2433,92206010,3
2434,92206013,3
2435,9220606,6
2436,92206014,6
2437,93734016,3
2438,93734013,3
2439,93734010,3
2440,93734011,6
2441,9373402,6
2442,93734014,6
2443,93839014,6
2444,93839013,6
2445,93839010,6
2446,9383908,6
2447,93839011,6
2448,9383905,6
2449,9210605,6
2450,9210608,6
2451,92106012,6
2452,92106011,6
2453,9210602,9
2454,92106013,3
2455,92106014,6
2456,92106016,9
2457,92106010,3
2458,92106017,9
2459,9220105,3
2460,9220106,6
2461,9220109,3
2462,92201014,3
2463,92201012,6
2464,92201011,3
2465,9220101,6
2466,92201013,3
2467,92201016,3
2468,92201010,6
2469,9220107,3
2470,93331014,6
2471,93331016,6
2472,93331010,3
2473,9333108,6
2474,93331013,3
2475,9333107,9
2476,93331011,3
2477,9333104,6
2478,9333105,3
2479,93331015,6
2480,93643013,6
2481,93643012,6
2482,9364305,6
2483,9364309,6
2484,9364308,6
2485,93643010,6
2486,9364304,6
2487,93643016,6
2488,93644013,4
2489,93644014,6
2490,93644016,6
2491,93644017,6
2492,9364407,6
2493,93644010,6
2494,9364404,6
2495,9364401,6
2496,93644011,6
2497,9364408,6
2498,93644012,6
2499,92405013,6
2500,9240507,6
2501,9240509,9
2502,93647015,6
2503,93647014,6
2504,9364707,6
2505,93647012,6
2506,93647011,6
2507,9364708,6
2508,9364702,6
2509,93647013,6
2510,93647010,9
2511,9364704,9
2512,9364701,9
2513,93642011,3
2514,93642012,6
2515,9364207,6
2516,93642016,6
2517,93642014,3
2518,9364208,3
2519,93642015,6
2520,93642013,6
2521,93642018,6
2522,9364206,9
2523,93642010,6
2524,9360407,6
2525,9360408,9
2526,9360409,9
2527,93604012,6
2528,93604010,6
2529,93604011,6
2530,93604013,9
2531,93604016,6
2532,9360404,6
2533,9360401,3
2534,92501012,6
2535,92501013,6
2536,9250107,6
2537,92501016,6
2538,9250101,3
2539,9250106,6
2540,92205012,6
2541,92205011,6
2542,92205013,6
2543,9111702,6
2544,9111704,9
2545,91117013,3
2546,9111707,6
2547,93506016,6
2548,93506010,6
2549,93506013,6
2550,93506011,6
2551,93506014,6
2552,93506012,6
2553,9333907,9
2554,93432014,3
2555,93432011,6
2556,92115014,6
2557,92115011,6
2558,9211505,6
2559,9211504,6
2560,92115013,6
2561,9211507,6
